Theme,Count
Landscapes,1452
Architecture,1244
Figure group,841
Portraits,781
Botanical study,714
Animals,705
Occupations,613
Men,594
Figure female,465
Cityscapes,426
Clothing and dress,413
Women,402
Domestic,390
Figure male,361
Dress accessories,293
Religion,267
Trees,262
Nudity,241
Children,227
Boats and boating,222
Art,209
Waterscapes,205
Rivers,202
Dwellings,200
Recreation,193
Mountains,187
Detail,185
Birds,171
Horses,164
Weather,148
Furnishings,144
Government,143
Military,139
Time,137
Farms,136
Hats,133
Flowers,132
Allegory,131
Seasons,127
History,127
Arts & Culture,126
Vehicles,123
State of being,119
"New Deal, 1933-1939",116
Streets,114
Industrialization,114
Church buildings,108
Water,104
Entertainers,103
Amusements,99
Costume,95
Coasts,92
Graphic arts,91
Plants,90
Roads,90
Literature,90
Bridges,85
Commercial,84
Sport and play,82
Sculpture study,81
Monuments,77
Writers,75
Forests and forestry,73
"Art, abstract",73
"Bible, N.T.",73
Soldiers,71
Rocks,66
Female and child,66
Rites and ceremonies,64
Western,63
Chairs,63
Weapons,62
Japanese dress,60
Artists,60
Cattle,60
Fishes,59
Deserts,59
Dogs,57
Uniforms,56
Parks,56
Foliage,56
Family,54
Education and Scholarship,53
Design,52
Music,50
Fragment,50
WW I,49
"World War, 1914-1918",49
Presidents,48
Older people,47
Night,47
Political,46
Plains,45
Outer space,45
Winter,45
Interior decoration,45
Military and Intelligence,43
Painters,42
Harbors,42
Politics,42
Books and reading,42
Cities and towns,42
Jesus Christ,42
Mythology,41
Jewelry,41
Public officers,40
Lakes,40
Cloud,40
Donkey,40
Tables,40
Fishing,40
Snow,39
Sailboats,39
Tools,38
Self-portraits,38
Fantasy,38
Facial Hair,37
Linens,37
Educators,37
Spring,36
Officer,36
Moon,35
Anatomical study,35
Legislators,35
Reptile,35
Law and Crime,34
Eyeglasses,34
Lawyers,34
Crafts,34
Evening,33
Musical instruments,33
Cart,33
Ruins,33
Swimming,33
Mustaches,32
Containers,32
Windows,32
Flags,31
Neckwear,30
Mural study,30
Dance,30
Neckties,30
Figure(s) in exterior,30
Death,30
Aristocracy (Social class),30
Vase,30
"Works Progress Administration, Federal Art Project",29
Ecology,29
Autumn,29
Sea,29
Social Welfare and Reform,29
Skeleton,29
Arts and sciences,29
Rowboat,28
Horsemen and horsewomen,28
Headgear,28
Angels,28
Snakes,28
Castles,28
Home Furnishings,27
Firearms,27
Sheep,27
Wharf,26
Governors,26
Insects,26
Fence,26
Gardens,26
"Civil War, 1861-1865",25
Congressmen,25
American Civil War (1861-1865),25
Carriage,25
Reformers,25
Rhine River,24
"Mary, Blessed Virgin, Saint",24
Fishing boat,24
Description and travel,24
Business and Finance,24
Canals,24
War,24
Beards,24
Printed Material,23
Cats,23
Automobiles,23
Mother and child,23
Summer,23
Beaches,23
Sculpture model,22
Farmhouse,22
Stairs,22
American Revolution (1775-1783),22
Eagles,22
Administrators,22
Sunset,21
Quality,21
Science and Technology,21
Evil,21
Fountain,21
Ducks,21
Umbrellas,21
Nature,21
Sculpture,20
Emblems,20
Disasters,20
Fans,20
Education,20
Toys,20
Harvesting,19
Vendor,19
Emotions,19
Signs and signboards,19
Mood (Psychology),19
Fruit,19
Wagon,19
Reading,19
Path,18
Pine tree,18
Wind,18
Dish,18
Statues,18
Valleys,18
Seating,18
Hand,17
Canyon,17
Holidays,17
Sport,17
Public Works of Art Project,17
Theater,17
Sleep,17
Farmers,17
Ships,16
Smoking,16
Store,16
Printmakers,16
Actors and actresses,16
Storms,16
Chicken,15
Natural Resource Occupations,15
Crucifixion,15
Agriculturists,15
Colonel,15
Roses,15
Journalism and Media,15
Science,15
Medicine,15
Food habits,15
Tower,15
Swords,15
Morning,14
Rain,14
Market,14
Memory,14
"Staffs (Sticks, canes, etc.)",14
Tattoo,14
Wall,14
Porch,14
Service,14
Nobel Prize,14
Conversation,14
Trains,14
Universities,13
Column,13
Movie actor,13
Cactus,13
Statesman,13
Waterfalls,13
Grooming,13
Iowa State Capitol,13
Goat,13
Explorers,13
"Bible, O.T.",13
Lumber,13
Gathering,13
Light,13
Physicians,12
Bird's eye view,12
Vegetable,12
Poets,12
Novelists,12
Classical dress,12
Justice,12
Activism,12
Seine River,12
Cannon,12
Authors,12
Meditation,11
Shepherd,11
Oak tree,11
Marshes,11
Textile worker,11
Glove,11
Shoes,11
Pilot,11
Factory,11
Male and female,11
Works Progress Administration,11
Cabinet member,11
Butterflies,11
Male and child,11
Fog,11
Voice,10
Florence,10
Palette,10
Sewing,10
Rabbits,10
Pince-nez,10
Winged being,10
Yucca,10
Airplanes,10
Strolling,10
Couch,10
Memorials,10
Machinery,10
Corn,10
Pig,10
Captain,10
Skyscraper,10
Cooking,10
Stream,10
Iowa,10
Geometric,9
Thames River,9
Festivals,9
Medicine and Health,9
Profile,9
Artwork,9
Canoes,9
Hunter,9
Saws,9
Sailing ships,9
Games,9
Versailles,9
Social reformer,9
Scarf,9
Teepee,9
Judges,9
Lily,9
Temple,9
Civilian awards,9
Senators,9
Brittany,9
Businessperson,9
Bowtie,9
Vice-Presidents,9
Mining,9
Saints,9
Union Army,9
Tangier,8
Stable,8
Caterpillars,8
Flute,8
Tents,8
Inventors,8
Civil rights activist,8
Roof,8
Laundry,8
Peasant,8
Symbols & Motifs,8
Islands,8
Apartment,8
Kensington,8
Hotel,8
Lighthouses,8
Cross,8
Magi,8
Gondola,8
Gate,8
Leaves,8
Diplomacy,8
Diplomats,8
Art implements,8
Museums,8
Shield,8
Cemetery,8
Gravestone,8
Rancher,8
Historians,8
Mill,8
Circus,8
Homage,8
Shipwreck,8
Saint Goarshausen,7
Dolls,7
US Supreme Court Justice,7
Diseases,7
Hair ornament,7
Spear,7
Bears,7
Sailor,7
Cedar tree,7
Star,7
Law,7
Smithsonian Institution,7
University administrator,7
Eye wear,7
Scientists,7
Amphibians,7
Frogs,7
Steamer,7
Spanish dress,7
Drafting & Writing Implements,7
Clocks and watches,7
Musicians,7
Peacock,7
Labor unions,7
Notre Dame,7
Willow tree,7
Yellowstone National Park,7
Madeleine,7
Siblings,7
Sculptors,7
Gulls,7
Journalism,7
Arm,7
Clergy,7
Courthouse,7
Character,7
Liberty,7
Ipswich,7
Power lines,7
Sitka,6
Stage actor,6
Monsters,6
Monkeys,6
U. S. Capitol,6
Transportation,6
Potters,6
Sports,6
Buffaloes,6
Flamingo,6
Flight of Jesus Christ into Egypt,6
Construction,6
Restaurant,6
Turtles,6
Sorrow,6
Swan,6
Grand Canyon,6
Evening primrose,6
Foodstuff,6
Union,6
Rosenwald Museum,6
Newspaper publisher,6
Tavern,6
Fire,6
Weaving,6
Parthenon,6
Presidential candidate,6
Water carrier,6
Dawn,6
Accidents,6
Place de la Concorde,6
Chain,6
Face,6
Paradise Valley,6
Art tool,6
Penstemon,6
Windmill,6
Guitar,6
Cypress tree,6
Performing arts awards,6
Schools,6
Sowing,6
Policeman,6
Models (representations),6
Azaleas,6
Exposition,6
Ladder,6
Tomb,6
Boating,6
Nymph,6
College administrator,6
Outerwear,6
Palm tree,6
Editors,6
Pens,6
Estes Park,6
Noon,5
Shakespeare,5
Triumph,5
Christmas,5
Railroad yard,5
Yucca tree,5
Greenwich,5
Business executive,5
Friendship,5
Suffragist,5
Animal husbandry,5
Last Judgment,5
Grasses,5
State Supreme Court Justice,5
Legal writer,5
Adobe,5
Disciple,5
Admiral,5
Living room,5
Carroll,5
Alice in Wonderland,5
Cotton,5
Joseph,5
Courting,5
Lamps,5
Paintbrush,5
Artist's effects,5
Dove,5
Agriculture,5
Nursing,5
Triumphal arch,5
Acrobats,5
Newspaper editor,5
Lieutenant,5
Arch,5
Riverboat,5
Pottery,5
Congressional Gold Medal,5
Birch tree,5
Mount Vernon,5
Obelisk,5
Apple,5
Long Island,5
Founder,5
Utensils,5
Illustrator,5
Academy Award,5
Love,5
Eve (Biblical figure),5
Lantern,5
Palm,5
Versailles Gardens,5
Civilization,5
Bell tower,5
Feather,5
Art instructor,5
Etcher,5
Orchard,5
Major General,5
Papers,5
US Attorney General,5
Secretary of War,5
Confederate Army,5
Rainbow,5
Leg,5
Surreal,5
Chief Justice of US,4
Iris,4
Rock formation,4
Gloves,4
Railroad station,4
Goose,4
Devil,4
Dragon,4
Nativity,4
Trellis,4
Square,4
Wealth,4
Footbridge,4
Fur,4
Baseball,4
Cherbourg,4
Halloween,4
Baskets,4
Chicago River,4
University president,4
Composer,4
Engineering,4
Singer,4
Stool,4
Screen,4
Mine,4
Bedroom,4
Bicycles,4
Spouses,4
Totem pole,4
Cornwall,4
Bands (Music),4
Cherry tree,4
Shipping,4
Rouen,4
Anemone,4
Procession,4
Vision,4
Wound,4
Hunting,4
Grosbeak,4
Boathouse,4
Walking stick,4
Military award,4
Fortune,4
Chimney,4
Photographer,4
Wall Street,4
Forum,4
Crime,4
Imprisonment,4
Lake Michigan,4
Secretary of Treasury,4
Wake-robin,4
Crane,4
Hybrid pitcherplant,4
Spanish Peaks,4
Cupid,4
Literary awards,4
Pulitzer Prize,4
Ponds,4
Photographic format,4
Presidential Medal of Freedom,4
Parrot,4
Monetary,4
Lizards,4
Portraitist,4
Secretary of Smithsonian Institution,4
Necklace,4
Oberwesel,4
Secretary of State,4
Twilight,4
Lecturer,4
Robe,4
Epilobium,4
Bench,4
Saguaro cactus,4
Archery,4
Panther,4
Philanthropists,4
Brush,4
Autograph,4
Washington Monument,4
Mosques,4
Pianos,4
Sturgeon,4
Verde River,4
Fear,4
Passion,4
Skull,4
Gentian,4
Chambre des Deputes,4
Holy Spirit,4
Volunteer,4
Major general,4
Barge,4
Drums (Membranophones),4
Primitive,4
Honfleur,4
Streetcar,3
Naturalists,3
Sports and Recreation,3
Mourning,3
Tokyo,3
Colonies,3
Cloister,3
Athletics awards,3
Olympic medal,3
Life,3
Essayist,3
Violins,3
Ambassador,3
Afternoon,3
Academic costume,3
Intoxicated,3
Westward expansion,3
Porpoise,3
Pool,3
Floods,3
Athletes,3
Chestnut tree,3
Architects,3
Pear,3
Cuernavaca,3
Santa Maria della Salute,3
Mule,3
Beggar,3
Labor history,3
Bagpipe,3
Mojave Desert,3
Santo Domingo,3
Iceberg,3
Tiger,3
Pediment,3
Cards,3
Artist's brush,3
Masks,3
Grape,3
Trafalgar Square,3
Thief,3
Brooch,3
Gardenia,3
Smithy,3
Entertainment executive,3
Producer,3
Drape,3
Periodicals,3
Caricaturist,3
Military engineer,3
Axes,3
Top hat,3
Nature writer,3
Coat,3
Theatrical,3
Toledo,3
White dryad,3
Dryas octopetala,3
Jerusalem,3
Cornucopia,3
Chateau-Thierry,3
Bruges,3
Wolf,3
Volcano,3
Magazine article writer,3
Dagger,3
Stage set,3
Coyote,3
Magnolia,3
Rope,3
Raven,3
Statue of Liberty,3
Cap and gown,3
Cloaks,3
Joan,3
Fair,3
Drinking vessel,3
Shrubs,3
Pipe,3
Monterey,3
Loom,3
Capitol,3
Rock Creek,3
Reporter,3
Abbeys,3
Watermelon,3
Manufacturing industries,3
Telephone,3
"Washington, George",3
Treasury Section of Painting and Sculpture,3
Artists' tools,3
Boulevard St. Germain,3
Tropic,3
White Mountains,3
Grand Canal,3
Funeral,3
Jaguar,3
Porte St. Martin,3
Menyanthes trifoliata,3
Continental congressman,3
Owl,3
Phoenix,3
Dream,3
Cartoons,3
Muses (Greek deities),3
Roma,3
Kitchen,3
Inlet,3
Schuylkill River,3
Lilium montanum,3
Bees,3
Veil,3
Shower,3
Woodpecker,3
Humanitarianism,3
Farm machine,3
University trustee,3
War of 1812,3
Harmony,3
Fiesole,3
Brooklyn Bridge,3
Orchids,3
Swallow,3
Landscape painter,3
Yellowstone River,3
Letters,3
Heidelberg,3
New Years,3
New York Harbor,3
Academic study,3
Office,3
Abolitionists,3
Bone,3
Water lily,3
Poppy,3
Handbag,3
Mayflower,3
Myosotis alpestris,3
Masonic,3
Hoe,3
Clintonia uniflora,3
Plaza Hotel,3
Queencup,3
Headdresses,2
Moses (Biblical leader),2
Arnica louisiana,2
Nile River,2
Weariness,2
Art building,2
Oenothera howardi,2
Television actor,2
Button,2
Goldfish,2
Silverberry,2
Waterwork,2
Shells,2
Medieval dress,2
Jacket,2
Child actor,2
Elaeagnaceae,2
Rose-bay rhododendron,2
Home life,2
Flowering dogwood,2
Cornus florida,2
School administrator,2
Trillium grandiflorum,2
Dryas drummondii,2
Cypridedium acaule,2
Yellow dryad,2
Narcissus,2
Trillium sessile,2
Violet,2
Saxifraga caespitosa,2
Nineteenth century dress,2
Leather flower,2
Oenothera lavandalaefolia,2
Olive tree,2
Meadow,2
Phlox,2
Herons,2
Minister,2
Imaginary,2
Sanbiza,2
Ballet,2
Pirates Cove,2
Air,2
Salome,2
Clown costume,2
New York Public Library,2
Phyllodoce empetriformis,2
Mickey Mouse (Fictitious character),2
Vicia americana,2
Tyrolean Alps,2
Castanea dentata,2
Air pilots,2
American chestnut,2
Curtain,2
Faun,2
Cactoideae,2
Public official,2
Comics,2
Rue de Honore,2
Bread,2
French and Indian War (United States : 1754-1763),2
Laurel,2
Valley Forge,2
Surprise,2
Railroad conductors,2
Elizah,2
Meade,2
Viola pedata,2
Cucumber tree,2
Social worker,2
Cornus nuttallii,2
Lake Louise Arnica,2
Pelvis,2
Rosa bourgeauiana,2
Bourgeau rose,2
Owl's clover,2
Ceres,2
Civil rights leader,2
Cabinet card,2
Cock fighting,2
Basketball,2
Gas station,2
Engravers,2
Birdhouse,2
Colonnade,2
Pacific dogwood,2
Monticello,2
Worry,2
Formal dress,2
Collector,2
Mitella nuda,2
Geyser,2
Siren,2
Zinnia,2
Joe,2
Violence,2
Aqueduct,2
Gelsemium sempervirens,2
Battlefield,2
Bulldog,2
Ribes lacustre,2
Photography,2
Songwriter,2
Religious writer,2
Distinguished Service Medal,2
Charity administrator,2
Stove,2
Drowning,2
Luxembourg Gardens,2
Supper at Emmaus,2
False dandelion,2
Astragalus bourgovii,2
Gentiana affinis,2
Silene multicaulis,2
Cassiope mertensiana,2
San Diego,2
Injustice,2
Harmonica,2
Le Puy,2
Dancer,2
Turban,2
Hairstyle,2
Braided hair,2
Movie set,2
Smock,2
Wrestling,2
Double bladderpod,2
Turtlehead,2
Waiting,2
Euonymus americanus,2
Gilia linanthus parviflorus,2
Siena,2
Tagus River,2
Sphinx,2
Camel,2
Senses,2
Cradle,2
Saint Cyr,2
Blue columbine,2
Death camas,2
Butterfly weed,2
Ascelpias tuberosa,2
Chelone glabra,2
Calochortus kennedyi,2
Bottle gentian,2
Gentiana saponaria,2
Sewing tool,2
Cinderella,2
Renaissance dress,2
Peony,2
Scythe,2
Sunrise,2
St. Raphael,2
Hugo,2
Speaker of the House,2
Board of Education,2
Imagination,2
Tradesman,2
Business manager,2
Lute,2
Chest,2
Point Lobos,2
Moret,2
Adam (Biblical figure),2
Garden of Eden,2
Cymbal,2
Prague,2
Bankers,2
Arctostaphylos uva-ursi,2
Bearberry,2
Physaria didymocarpa,2
Medal of Honor,2
Lyre,2
Candlestick,2
Prison,2
Golden Gate Park,2
Pedicularis bracteosa,2
Titanic,2
Trumpets,2
Eleven Thousand Virgins (Legendary saints),2
Hammer,2
Cathedral of Notre Dame,2
Onion,2
Rock Creek Park,2
Curiosity,2
Passaic,2
Whitebark pine,2
St. Germain des Pres,2
Reflecting pool,2
Pont des Arts,2
Chief,2
Moenkopi,2
Saint Mihiel,2
Chioggia,2
Rock willow,2
Armchairs,2
Banjo,2
Stock broker,2
Tryon,2
Sarracenia rubra,2
Lobelia kalmii,2
Prehn,2
Madison,2
Scale,2
Arrow maker,2
Popocateptl,2
Monhegan Island,2
Channel,2
Courtesy,2
Lowry,2
Agony in the garden,2
Happiness,2
Alley,2
Artichoke,2
Winterberry,2
Clover,2
Broadway,2
Dandelion,2
Medal,2
Human Figures,2
Lapel pin,2
Erigeron unalaschcensis,2
Cornus canadensis,2
Bunchberry,2
Picea engelmanni,2
Castilleja miniata,2
Grouse whortleberry,2
Vaccinium scoparium,2
Arcade,2
Fireplace,2
Chartres Cathedral,2
Menu,2
Lonicera glaucescens,2
Douglas honeysuckle,2
Yosemite Valley,2
Alpine pointvetch,2
Oxytropis podocarpa,2
Balconies,2
Sarcodes sanguinea,2
Snow plant,2
Hamamelis virginiana,2
Witch-hazel,2
Silene acaulis,2
Fairy-bells,2
Prickly currant,2
Mitchella repens,2
Willow,2
Alligators,2
Flower arranging,2
Kruhsea,2
Kruhsea streptopoides,2
Penstemon fruiticosus,2
Buckbean,2
Earth scientists,2
Scientific writer,2
Secretary of Agriculture,2
Postmasters,2
Footwear,2
Stereograph,2
Shrine,2
Dalmatian dog,2
Partridgeberry,2
Tillandsia fasciculata,2
Wood-nymph,2
Moneses uniflora,2
Aquilegia ecalcarata,2
Tsuga heterophylla,2
Western hemlock,2
Fleabane,2
Aronia arbutifolia,2
Red chokeberry,2
Milkweed,2
Superstition Mountain,2
Homelessness,2
Bear Creek Canyon,2
Puritan,2
Plume anemone,2
Marblehead,2
"World War, 1939-1945",2
WW II,2
Newburgh,2
St. Mark's Plaza,2
St. Mark's Cathedral,2
Plateaus,2
Little Colorado River,2
Film producer,2
Inkwell,2
Football,2
Track & Field,2
Dean,2
Territorial Governor,2
Pulsatilla occidentalis,2
Salt River Mountains,2
Shooting star,2
Persimmon,2
Labrador tea,2
Ledum groenlandicum,2
Begonia,2
Peace activist,2
Gazebo,2
Royal,2
Connoisseur,2
Revival,2
Smoking material,2
Pulsatilla ludoviciana,2
Trillium erectum,2
Sedum stenopetalum,2
Santa Maria Del Fiore,2
Circe,2
Last Supper,2
Tuscany,2
Fortitude,2
Bacchanalia,2
Truck,2
Elm tree,2
Draftsman,2
Sausalito,2
Fringed gentian,2
Anthropology,2
Ironing,2
Greek dress,2
American pasqueflower,2
Diospyros virginiana,2
Bacchantes,2
Beetles,2
Alpine forget-me-not,2
Vaccinium vitisdaea minus,2
Mountain cranberry,2
Tugboat,2
Fireweed,2
Grain elevator,2
Rail,2
Blue-eyed grass,2
Sunflower,2
Cowboys,2
Torso,2
Antelope,2
Motion pictures executive,2
Allium sibiricum,2
Primrose,2
Clintonia borealis,2
Blue bead,2
Erigeron salsuginosus,2
Clematis columbiana,2
Columbia clematis,2
Pussy willow,2
Magnolia grandiflora,2
Southern magnolia,2
Cut-leaf fleabane,2
Nursemaid,2
Cypripedium parviflorum,2
Rockville,2
Pinus albicaulis,2
Pinguicula vulgaris,2
Railing,2
Flame azalea,2
Coblenz,2
Mosel River,2
Thomas W. Lawson,2
Sicily,2
Groom,2
Orchis rotundifolia,2
Menziesia glabella,2
Viola orbiculata,2
Whippoorwill,2
Drosera rotundifolia,2
Bay,2
Windsor,2
Plow,2
Secretary of Commerce,2
Brigadier General,2
Regent of Smithsonian Institution,2
Grouse,2
Thistle,2
Cougar,2
Chrysanthemum,2
Tucson,2
San Xavier Mission,2
Tours,2
Cabinet,2
Savannah,2
Winchester Cathedral,2
Ferns,2
Bookcase,2
Hawk,2
Well,2
Fire Station,2
Magazine editor,2
Medical personnel,2
Watch,2
Ring,2
Cup,2
Magnolia virginiana,2
Sarracenia minor,2
Purple saxifrage,2
Saxifraga oppositifolia,2
Prayer,2
Harvest festival,2
Jalapa,2
Polperro,2
Plum tree,2
Awnings,2
Amsterdam,2
Sandy,2
St. Paul's Cathedral,2
Polo,2
Camelback Mountain,2
Norwich,2
Warship,2
Walkway,2
Ammunition,2
Monastery,2
Referee,2
Police uniform,2
Boston Stump,2
Surveyors,1
"Homer, Winslow",1
"Manet, Edouard",1
Walpi,1
St. Joseph,1
Lazarus,1
Pea,1
Muskrat,1
Muff,1
Pomona,1
Kayser's Pond,1
Gambler,1
Christina,1
King Ullin's Daughter,1
Campbell,1
Music room,1
Publisher,1
Activists,1
Magician,1
Vaudeville performer,1
Beret,1
Society Figure,1
Stole,1
Daughter of US President,1
Shark,1
Microphone,1
Nightclub,1
Horn player,1
Trumpeter,1
Sound Devices,1
Jazz musician,1
Jazz singer,1
Grammy,1
Lupinus argenteus,1
Blue lupine,1
Hazel alder,1
Alnus regosa,1
Primula parryi,1
Virginia stewartia,1
Stewartia malachodendron,1
Androsace subumbellata,1
Aleutian fleabane,1
Sanguinaria canadensis,1
Bloodroot,1
Corathorhiza corallorhiza,1
Antennaria luzuloides,1
Buff pussytoes,1
Pineland aster,1
Aster squarrosus,1
Chenopodium capitatum,1
Pussy-ears,1
Calochortus elegans,1
Prairie aster,1
Aster campestris,1
Penstemon procerus,1
Ranunculus suksdorfii,1
Avalanche buttercup,1
Vagnera stellata,1
Apocyum androsaemfolium,1
Dogbane,1
Anemone zephyra,1
Red lily,1
Fouquieria splendens,1
Ocotillo,1
Strawberry-Blite,1
Galium boreale,1
California fuschia,1
Zauschneria carlifornica,1
Psilostrophe sparsiflora,1
Dutchman's breeches,1
Bikukulla cucullaria,1
Cirsium undulatum,1
Prairie thistle,1
Penstemon lyallii,1
Kalmia angustifolia,1
Lambkill,1
Polycodium stamineum,1
Deerberry,1
Wood merrybells,1
Uvalaria perfoliata,1
Northern bedstraw,1
Rose paintbrush,1
Castilleja pallida,1
Great Salt Lake,1
Meadow fleabane,1
Erigeron speciosus,1
Ghostpipe,1
Thalesia uniflora,1
Purple penstemon,1
Pygmy androsace,1
Salix petrophila,1
Roundleaf orchis,1
Gilia aggregata,1
Scarlet gilia,1
Eustoma russelianum,1
Montana parnassia,1
Parnassia montanesis,1
Phacelia serica,1
Polemonium viscosum,1
Jacob's ladder,1
Beargrass,1
Xerophyllum tenax,1
Pearl everlasting,1
Anaphalis margaritacea,1
Iris cristata,1
Sand myrtle,1
Delphinium elongatum,1
Tall larkspur,1
Gentiana macounii,1
Hypopitys lanuginosa,1
Red pinesap,1
Trillium discolor,1
Gray phacelia,1
Orobanche fasciculata,1
Broomrape,1
Fringed polygala,1
Polygala paucifolia,1
Moss campion,1
Northern hedysarum,1
Hedysarum boreale,1
Leiophyllum lyoni,1
Tradescantia virginiana,1
Virginia spiderwort,1
Pinguicula elatior,1
Purple butterwort,1
Blue phlox,1
Phlox divaricata,1
Toads,1
Cucumber cactus,1
Symphoricarpos albus,1
Snowberry,1
Agoseris villosa,1
Wooly agoseris,1
Beaked hazelnut,1
Corylus rostrata,1
Wild flax,1
Inferno,1
Capnoides aureum,1
Trillium h.,1
Astragalus coccineus,1
Scarlet loco,1
Zygadenus elegans,1
Iris species,1
Low whortleberry,1
Vaccinium caespitosum,1
Mourning groundsel,1
Arnica latifolia,1
Arnica,1
Spring beauty,1
Claytonia lanceolata,1
Cardinal,1
Chrosperma muscaetoxicum,1
Crowpoison,1
Crested iris,1
Disporum trachycarpum,1
Pseudocymopterus montanus,1
Prickly poppy,1
Argemone hispeda,1
Cytherea bulbosa,1
Calypso (Music),1
Senecio lugens,1
Cascade Mountains,1
Haze,1
Parsley,1
Gourd,1
Parterre d'Eau,1
Palace of Popes,1
Pont d'Avignon,1
Ryder,1
Veronica wormskjoldii,1
Trillium underwoodii,1
Dodecatheon hendersonii,1
Carolina pink,1
Spigelia marylandica,1
Crustaceans,1
Crabs,1
Linum lewisii,1
Heieracium gracile,1
Sidebells pyrola,1
Pyrola secunda,1
Pyxie,1
Pyxidanthera barbulata,1
Gray ragwort,1
Senecio canus,1
Chemist,1
Beatrice,1
Yerba mansa,1
Anemopsis californica,1
Crowberry,1
Empetrum nigrum,1
Trillium chloropetalum,1
Giant trillium,1
Manitou,1
Ribes species,1
Lygodesmia grandiflora,1
Skeleton weed,1
Arnica alpina,1
Cassiope,1
Pioneer dress,1
Elephants,1
Gambling,1
Sagittaria cuneata,1
Arum arrowhead,1
Sweet Azalea,1
Western bluebells,1
Mertensia paniculata,1
Swamp magnolia,1
Gentiana newberri,1
Currant,1
Centaurium venustum,1
Pink centaurium,1
Mentzelia laevicaulis,1
Blazing star,1
Miner's candle,1
Oreocarya virgata,1
Acacia,1
Carolina jessamine,1
Passing Song,1
Cholla opuntia whipplei,1
Pseudotsuga mucronata,1
Douglas fir,1
Sarracenia flava,1
Trumpetleaf,1
Virginia springbeauty,1
Claytonia virginica,1
Cupressus macrocarpa,1
Sweet trillium,1
Trillium vasyi,1
Bronze bells,1
Stenanthium occidentale,1
Pogonia ophioglossoides,1
Rose pogonia,1
Magnolia tripetala,1
Coryphantha arizonica,1
Stocking,1
Tassel cottongrass,1
Eriophorum angustifolium,1
The World's Work Magazine,1
Saxifragaceae,1
Red comandra,1
Comandra livida,1
Phoradendron flavescens,1
American twinflower,1
Linnaea borealis americana,1
Desert mariposa,1
Yellow violet,1
Pinus palustris,1
Longleaf pine,1
Hedgehog cactus,1
Thanksgiving,1
Preacher,1
Artist and model,1
Ice cream,1
Boquehomo,1
Sledding,1
Orizaba,1
American mistletoe,1
Bornes,1
Melancholy,1
Theorem,1
Strasbourg,1
Cour du Corbeau,1
Quail,1
Skeleton flower,1
Lygodesmia juncea,1
Vicenza,1
Key,1
Highway,1
U.S. 485,1
Flanders,1
Carp,1
Tailors,1
Bureaucrat,1
Balls (Sporting goods),1
Juggler,1
Pharmacist,1
Princeton University,1
Port Arthur,1
Costume and dress,1
Rijsord,1
Loing River,1
Umbrella tree,1
Saxifraga lyallii,1
Redstem saxifrage,1
Oenothera,1
Kraunhia frutescens,1
American wisteria,1
Bootblack,1
Prehistoric peoples,1
Olive,1
Val d'Ema,1
Thorn tree,1
Ghost,1
Dolphin,1
Fruit seller,1
Hearing,1
Cattail,1
Pyrola minor,1
Small pyrola,1
Ilex verticillata,1
Oxycoccus palustris,1
Small cranberry,1
Tajo River,1
Saint Martin's Bridge,1
Rockland Lake,1
Drummond pitcherplant,1
Sarracenia drummondii,1
Delphinium nudicale,1
Red larkspur,1
Clematis hirsutissima,1
Liriodendron tulipifera,1
Tuliptree,1
Arabis drummondii,1
Anemone canadensis,1
Strawberry bush,1
Chimaphila maculata,1
Spotted pipsissewa,1
Campanula,1
Bellflower,1
Petalostemon purpureum,1
Purple prairieclover,1
Carex aurea,1
Lathyrus ochroleucus,1
White pea,1
Maypop,1
Passiflora incarnata,1
Gentiana glauca,1
Bluegreen gentian,1
Bishop,1
Bowmansroot,1
Zygadenus venenosus,1
Arboretum,1
Bitterroot,1
Lewisia redivivia,1
Yellow willow grass,1
Sunset Hill,1
Golden sedge,1
Hedysarum,1
Ptarmiganberry,1
Arctous alpina,1
Greendragon,1
Arisaema dracontium,1
Showy oxytrope,1
Oxytropis splendens,1
Porteranthus trifoliatus,1
Quarry,1
Nordic,1
Valkyrie,1
Nantucket,1
Mausoleum,1
Sweet androsace,1
Androsace carinata,1
Hedysarum sulphurescens,1
Castle Reichenberg,1
Kestert,1
Clematis pseudoalpina,1
Monotropa uniflora,1
Pipes (smoking equipment),1
Fallugia paradoxa,1
Checkers,1
Purpurea venosa,1
Sinks (Plumbing fixtures),1
Zwijndrecht,1
Elder tree,1
Nayon,1
Saparo,1
Lurlei,1
Drama,1
Caub,1
Poultry vendor,1
Sermon,1
Bartender,1
Spider Lake,1
Bakers and bakeries,1
Granada,1
Jurist,1
Barber,1
Gabriel,1
Temptation,1
Orator,1
Sanitation worker,1
Karnak,1
Thebes,1
Daisy,1
Trader,1
Leptarrhena pyrolifolia,1
Spanish bayonet,1
Yucca baccata,1
Delphinium,1
Delphinium scopulorum,1
Gentiana holopetala,1
Clematis viorna,1
Shortia galacifolia,1
Tampa epidendrum,1
Wild sweet crab,1
Malus coronaria,1
Riverbank gentian,1
Erigeron aureus,1
Golden fleabane,1
Tsuga mertensiana,1
Mountain hemlock,1
Tufted saxifrage,1
Red-helmet,1
Brodiaea pulchella,1
Wild hyacinth,1
Alpine monkey flower,1
Mimulus caespitosus,1
Woolly fleabane,1
Erigeron lanatus,1
Phlox paniculata,1
Perennial phlox,1
Segovia,1
Atamosco atamasco,1
Atamasco-lily,1
Execution,1
St. John,1
Aquilegia caerulea,1
Cypripedium passerinum,1
Northern ladyslipper,1
Trailing arbutus,1
Pink fleabane,1
Erigeron jucundus,1
Mountain rose-bay,1
Rhododendron catawbiense,1
Achillea lanulosa,1
Wood lily,1
Saxifrage,1
Aquilegia saximontana,1
California lilac,1
Ceanothus thyrsiflorus,1
Giant red paintbrush,1
Agoseris carnea,1
Siberian onion,1
Sarrancenia drummondii xs rubra,1
Anemone drummondii,1
Amelanchier alnifolia,1
Saskatoon,1
Toad trillium,1
Chionanthus virginica,1
Fringetree,1
Lilium philadelphicum,1
Oconee-bells,1
Oxytropis aepicola,1
Sidesaddle goldenrod,1
Sanifoiga adscendeus,1
Beautyberry,1
Callicarpa americana,1
Aster,1
Aster hirariifolius,1
Habenaria psychodes,1
Small purple fringe orchid,1
Trillium undulatum,1
Painted trillium,1
San diego mariposa,1
Calochortus weedii,1
Calochortus albus,1
White fairy lantern,1
Diplacus longiflorus,1
Buff monkeyflower,1
Glacier,1
Julienne,1
Engines,1
Wind poppy,1
Stylomecon heterophylla,1
Bass,1
Moccasin flower,1
Northern butterwort,1
Viola canadensis,1
Canada violet,1
Bordighera,1
Habenaria obtusata,1
One-leaf-bog-orchid,1
Carpet pink,1
Western yarrow,1
Viola digitata,1
Southern bird's foot violet,1
Penstemon eatonii,1
Fire penstemon,1
Chess,1
Western azalea,1
Rhododendron occidentale,1
Houstonia procumbens,1
Trailing houstonia,1
Birdsfoot violet,1
Hedysarum americanum,1
Pink hedysarum,1
Clitoria mariana,1
Butterfly pea,1
Globe anemone,1
Spotted saxifrage,1
Sun dial lupine,1
Lupinus perennis,1
Chihuahua,1
Loon,1
Technical study,1
Hooded pitcherplant,1
Turkeyhead cactus,1
Small tiger lily,1
Lilium parvum,1
Purple mountain violet,1
Viola adunca,1
Pink mountain heather,1
Musk-flower,1
Mimulus moschatus,1
Saxifraga bronchialis,1
Venus flytrap,1
Dionaea muscipula,1
Iris missouriensis,1
Western blue flag,1
Diplaucus puniceus,1
Red monkeyflower,1
"Copperfield, David (Literary character)",1
Rhododendron carolinianum,1
Desert biology,1
Brodiaea laxa,1
Grass nut,1
Dog-fennel,1
Yellow cucumbertree,1
Magnolia cordata,1
Robinia neomexicana,1
New Mexican locust,1
Erythronium montanum,1
Calochortus amabilis,1
Golden Fairy Lantern,1
Common pitcherplant,1
Sarracenia purpurea venosa,1
Tall fleabane,1
Erigeron acris,1
Eschscholtzia glyptosperma,1
Prunus angustifolia,1
Arenaria formosa,1
Victorian dress,1
Mount Hamilton,1
Sarracenia minor x psittacina,1
Kalmia polifolia,1
Bog kalmia,1
Avalanche lily,1
Anemone globosa,1
Cypripedium montanum,1
Mountain ladyslipper,1
Southern coast violet,1
Viola septemloba,1
Thuja plicata,1
Giant arborvitae,1
Chickasaw plum,1
Houstonia caerulea,1
Wasatch Mountains,1
Viburnum pauciflorum,1
Cranberrybush,1
Moehringia laberiflora,1
Pink pussytoes,1
Antennaria rosea,1
Arethusa (Greek mythology),1
Spruce trees,1
Refugee,1
Calochortus anoenum,1
Purple fairy lantern,1
Bikukulla canadensis,1
Mertensia virginica,1
Virginia bluebells,1
Quakerladies,1
Rubus parviflorus,1
White flowering raspberry,1
Antennaria racemosa,1
Pussy-toes,1
Rhododendron maximum,1
Yellow fringeorchid,1
Habenaria ciliaris,1
Magnolia acuminata,1
Pinxter bloom,1
Moss forget-me-not,1
Eritichum elongatum,1
Rocky mountain cassiope,1
Sphaeralcea grossulariaefolia,1
Scarlet globe-mallow,1
Godetia amoena lilja,1
Farewell-to-spring,1
Aquilegia flavescens,1
Lemon columbine,1
Alpine ragwort,1
Senecio species,1
Portland,1
Willamette River,1
Polygala lutea,1
Orange polygala,1
Shortspur columbine,1
Evergreen saxifrage,1
Taraxacium officinale,1
Office building,1
Gloria,1
Bignonia radicans,1
Trumpetcreeper,1
Lavender,1
Lost Lake,1
Primrose violet,1
Viola primulifolia,1
Gentiana prostrata,1
Moss gentian,1
Zenobia,1
Zenobia cassinifolia,1
Aquilegia brevistyla,1
Arethusa bulbosa,1
Wooly arnica,1
Arnica tomentosa,1
False indigo,1
Baptista bructeata,1
Crossvine,1
Anisostichus capreolatus,1
Mount Hood,1
Echinocereus viridiflorus,1
Columbia River,1
Collinsia verna,1
Blue-eyed Mary,1
Yellow willow-weed,1
Chrysamphora californica,1
California pitcherplant,1
Truth,1
Hot spring,1
Sorbus sambucifolia,1
Western mountain ash,1
Ocean liner,1
Botzen,1
Calochortus nuttallii,1
Sego lily,1
Green strawberry cactus,1
Pinus monophylla,1
Actaea arguta,1
Ivory baneberry,1
Clasping twistedstalk,1
Streptopus amplexifolius,1
Parrot pitcherplant,1
Sarracenia psittacina,1
Thread leaf sundew,1
Chimaphila umbellata,1
Western pipsissewa,1
Mexican fremontia,1
Fremontodendron mexicanum,1
Playwright,1
Silene virginica,1
Fire pink,1
Single-leaf pine,1
Fringed parnassia,1
Parnassia fimbriata,1
Anemone deltoidea,1
Forest anemone,1
Cardinal monkeyflower,1
Mimulus cardinalis,1
Pink twisted stalk,1
Streptopus curvipes,1
Phlox amoena,1
Rhododendron albiflorum,1
Rocky mountain rhododendron,1
Parry's penstemon,1
Penstemon parryi,1
Woodsprite,1
Yellow penstemon,1
Penstemon confertus,1
Hickory,1
White epidendrum,1
Fairy,1
Quill-leaf tillandsia,1
Green adder's mouth,1
Malaxis unifolia,1
Hearts bustin' with love,1
Hairy phlox,1
Pedicularis contorta,1
Alpine fernlife,1
Blue Larkspur,1
Delphinium nuttallianum,1
Pachyloplus hirsutus,1
Goldenbowl mariposa,1
Calochortus claratus,1
Sisyrinchium angustifolium,1
Rocky mountain kalmia,1
Mexican poppy,1
Northern onion,1
Primula maccalliana,1
Alberta primrose,1
Comandra pallida,1
Bastard toadflex,1
Green pyrola,1
Pinus aristata,1
Bristle-cone pine,1
Pinus taeda,1
Loblolly pine,1
Forget-me-not,1
Pale pinesap,1
Hypopitys americana,1
Kalmia microphylla,1
Silene latifolia,1
Dentaria laciniata,1
Cut toothwort,1
Tipularia uniflora,1
Crane-fly orchis,1
Monique,1
Devil's club,1
Poaceae,1
Yellow jessamine,1
Ragged fringe-orchid,1
Habenaria lacera,1
Claytonia parvifolia,1
Naiad springbeauty,1
Penstemon digitalis,1
Foxglove penstemon,1
Bladder campion,1
Clematis crispa,1
Rosporden,1
Alaska fleabane,1
Ophrys necrophylla,1
Rocky mountain twayblade,1
Lupinis arboreus,1
Yellow lupine,1
Monarda punctata,1
Silene caroliniana,1
Peatpink,1
Yellow stonecrop,1
Squirrelcorn,1
Eschscholtzia mexicana,1
Pasadena,1
Large white trillium,1
Curly clematis,1
Vervain,1
Family portrait,1
Primula angustifolia,1
Showy aster,1
Aster conspicuus,1
Gaylussacia brachycera,1
Box huckleberry,1
Showy fleabane,1
Pyrola chlorantha,1
Cliffrose,1
Cowania stanshuriana,1
Bearpoppy,1
Arctomecon merriami,1
Bushpoppy,1
Dendromecon rigidum,1
Verbena wrightii,1
Lappula diffusa,1
Bur-forget-me-not,1
St. Peter,1
Verona,1
Pineland blueberry,1
Vaccinium tenellum,1
White heather,1
Phyllodoce grandiflora,1
Red willowweed,1
Harbinger of spring,1
Erigenia bulbosa,1
Viola eriocarpa,1
Smooth yellow violet,1
Disporum hookeri,1
Western green alder,1
Alnus sinuata,1
St. Brighid,1
Cypripedium arietinum,1
Ramshead ladyslipper,1
Western menziesia,1
Death valley sage,1
Salvia funerea,1
Claudine,1
Gentiana crinita,1
Spotted beebalm,1
Lilac mariposa,1
Calochortus splendens,1
Saltmarsh rosegentian,1
Sabbatia stellaris,1
Limodorum turberosum,1
Grass-pink orchid,1
Salix discolor,1
Amphitheater,1
Gaillardia aristata,1
Perennial gaillardia,1
Jane,1
Rhododendron californicum,1
California rose-bay,1
Pinebarren gentian,1
Gentiana porphyrio,1
Pitcher plant,1
Sarracenia orephila,1
Red trillium,1
Acer rubrum,1
Red maple,1
Pale ladyslipper,1
Washington lily,1
Lilium washingtonianum,1
Mimulus bigelovii,1
Purple monkey-flower,1
Cirsium hookeranum,1
White thistle,1
Arisaema triphyllum,1
Jack-in-the-pulpit,1
French dress,1
Zebra,1
Gilia arizonica,1
Western rattlesnake plantain,1
Peranium decipiens,1
Grape hyacinth,1
Muscari racemosum,1
Eupatorium urticaefolium,1
Carcassonne,1
Carcassone Castle,1
Delphinium depauperatum,1
Pamela,1
Gladys,1
Capnoides sempervirens,1
Pink fumeroot,1
Lychnis apetala,1
Nodding campion,1
Redlands,1
Pinus contorta murrayana,1
Lodgepole pine,1
Asarum canadense,1
Canada wildginger,1
Blue beard-tongue,1
Slender cotton-grass,1
Eriophorum chamissonis,1
Slim larkspur,1
Fiesole Cathredral,1
Sarracenia catesaei,1
Catesby pitcherplant,1
Pickwick Papers,1
Erigeron compositus nudus,1
Pink heather,1
Sphaeralcea davidsonii,1
Orange-eye globemallow,1
Swamp aster,1
Aster paludosus,1
Spathyema foetida,1
Skunk cabbage,1
Butterfly violet,1
Viola papilionacea,1
Erigeron compositus,1
Pisa,1
Grassleaf agoseris,1
Agoseris graminifolia,1
Yellow lady's slipper,1
Canal Street,1
Pikes Peak,1
Colorado Springs,1
Hooded ladies-tresses,1
Ibidium strictum,1
Calystegia convolvulus sepium,1
Lathyrus decaphyllus,1
Wild pea,1
California nutmeg,1
Tumion californicum,1
Small yellow ladyslipper,1
Large purple fringe-orchid,1
Habenaria grandiflora,1
Cypripedium reginae,1
Showy ladyslipper,1
Batrachium trichophyllum,1
Water crowfoot,1
Power plant,1
White Indian paintbrush,1
Castilleja occidentalis,1
Hedge bindweed,1
Pale strawberry,1
Fragaria glauca,1
Grayleaf fivefinger,1
Potentilla glaucophylla,1
Nodding onion,1
Allium cernuum,1
Menzies penstemon,1
Penstemon menziesii,1
Odyssey,1
Homer,1
Wedding dress,1
Bible,1
Bethayres,1
Dining room,1
Easter,1
Beech tree,1
Showy orchis,1
Lotus puberulus,1
Rosebud orchid,1
Pogonia divaricata,1
Lithospermum canescens,1
Greenbear cabbage,1
Veratrum viride,1
Bronx River,1
Hepatica americana,1
Columbia lily,1
Lilium columbianum,1
Alpine harebell,1
Campanula lasiocarpa,1
Dodecatheon meadia,1
Stelleria leata,1
Orchis spectabilis,1
Skunk,1
Hermit,1
Daisies,1
Satinleaf goldenhead,1
Pachyloplus marginatus,1
White dawnrose,1
Blueflag iris,1
Hepatica,1
Declaration of Independence (United States),1
Feast day,1
Cafe Versaille,1
Great Lakes,1
Subway,1
Gentiana elegana,1
Penstemon macranthus,1
Phacelia,1
Wisconsin River,1
Little Miss Muffet,1
Sudbury,1
Aunt Charity,1
Chase,1
Daniel (Biblical figure),1
Unicorn,1
Servant,1
Plymouth,1
Peace,1
Isolation,1
Rose Marie,1
Daphne (Greek deity),1
Villa Falconieri,1
Fishmonger,1
Wheat,1
See saw,1
Playground,1
Endymion (Greek mythology),1
Zeus,1
Danae? (Greek mythology),1
Knight,1
Smell,1
Green River,1
Wells,1
Nevers,1
Beauty parlor,1
Beautician,1
Mount Fuji,1
Fujiyama,1
Rattle,1
Coronation,1
Trillium simile,1
A Christmas Carol,1
Iris versicolor,1
George Inn,1
Norton St. Philip,1
Rebecca,1
Windsor Park,1
Altars,1
Rock wormwood,1
Anemonella,1
Syndesmon thalictroides,1
Thicket hawthorn,1
Crataegus coccinea,1
Puccoon,1
Lithospermum ruderale,1
Dutchman's pipe,1
Phacelia parryi,1
Wild calla,1
Calla palustris,1
Big whortleberry,1
Vaccinium membranaceum,1
Sweetbay,1
Yucca baileyi,1
Artemisia discolor,1
Fleurie,1
Mevagissey,1
Cincinnati,1
British Museum,1
Salem,1
Rhone River,1
Mispec,1
Bed,1
Ponte Ticino,1
Pavia,1
Lathrop,1
Bristol Cathedral,1
Bristol,1
William Street,1
Moon bridge,1
Wisteria,1
Sahara Desert,1
Exorcism,1
High Island,1
St. Tropez,1
Retired,1
Old Lyme,1
Leda,1
Rotterdam,1
Heater,1
Daffodils,1
Volendam,1
Schroon Lake,1
Drought,1
Clam,1
Hosea,1
Walt Whitman Birthplace,1
Alpine fir,1
Abies lasiocarpa,1
Snow willow,1
Salix nivalis,1
Dogwood,1
Papaw,1
Asimina triloba,1
Conradina verticillata,1
Sfax,1
Lisieux,1
Mount Orizaba,1
Raft,1
Napoleon,1
Hymenocallis rotata,1
Balsamorhiza sagittata,1
Balsam root,1
Cambridge,1
Harvard University,1
Chelsea,1
Cheyne Walk,1
Porte de Guillaume,1
Shed,1
Flandre,1
Certosa,1
London Stock Exchange,1
Norwich Harbor,1
Hampstead Heath,1
Lake Mohegan,1
Western states,1
Award,1
Temeraire,1
Union Square,1
Tablet,1
Drummer,1
Braubach,1
Marksburg Castle,1
Witch,1
Occultism,1
Castle Deurenberg,1
Castle Oberlahnstein,1
Pieris mariana,1
Stagger-bush,1
Lupinus fornosus,1
Lupine,1
Rheinfels,1
Bingen,1
Castle Schonburg,1
Writing tool,1
Stachys palustria,1
Orthocarpus tenuifolius,1
Showy pyrola,1
Pyrola asarifolia,1
Creeping juniper,1
Juniperus horizontalis,1
Erigeron caespitosus,1
Rhododendron speciosum,1
Tarflower,1
Befaria racemosa,1
Oxytropia gracilis,1
False locoweed,1
Twinleaf,1
Jeffersonia diphylla,1
Gentiana propingua,1
Arabis lyallii,1
Drummond willow,1
Salix drummondiana,1
Canada buffaloberry,1
Lepargyrea canadensis,1
Lechuguilla,1
Agava lechuguilla,1
Roundleaf sundew,1
Spiderlily,1
Aster englemann,1
Western monkshood,1
Aconitum columbianum,1
Trillium hugeri,1
Amelianchier oblongifolia,1
Shadbush,1
Iris verna,1
Vernal iris,1
Raymond,1
Fritillaria biflora,1
Menziesia,1
Orchis,1
Vaccinium corymbosum,1
Highbush blueberry,1
Phyllodoce intermedia,1
Heather,1
Niederheimbach,1
Floor,1
Castle Rheinfels,1
Paganism,1
Monreale,1
Selkirk Mountains,1
Durham Cathedral,1
Motorboat,1
Catskill Mountains,1
Onteora,1
Grand Trianon,1
Compton Castle,1
Rush,1
Dome,1
Ridgefield,1
Fontaine des Sirenes,1
Ibidium cernum,1
Ibidium gracile,1
Slender ladies tresses,1
Bonaventure Cemetery,1
Royal Oak,1
Waterloo,1
Cahors,1
Pont Valentre,1
Locksmith,1
Custom house,1
Dairy products industry,1
San Piero a Grado,1
Lloyd's strawberry cactus,1
Hamlet,1
Ophelia,1
Nodding ladies tresses,1
Zion National Park,1
Siena Cathedral,1
Nests,1
Mount Vesuvius,1
Bay of Naples,1
Saint Cloud,1
River Thames,1
Windsor Castle,1
Pont du Gard,1
Bow and arrow,1
Cortina,1
Taily Po,1
Wells Cathedral,1
Jersey City,1
Guardhouse,1
Greenwood tree,1
Railroad,1
Peach,1
Mediterranean Sea,1
Frederick,1
Sugarloaf Mountain,1
Malmesbury,1
Hollyhock,1
Gardon River,1
Yorktown,1
Winchester,1
Martin Chuzzlewit,1
Chastity,1
Cookware,1
The Old Curiosity Shop,1
Shovel,1
Peggy,1
Foreign,1
Trechtlingshausen,1
Nimes,1
Mercury (Planet),1
Castle Rheinstein,1
Adirondacks,1
Ventimiglia,1
Canadarago Lake,1
Montreuil,1
Grief,1
Trapeze artist,1
Alpine fleabane,1
Caulanthus inflatus,1
Mansfield,1
Podphyllum paltatum,1
Mayapple,1
Dodo,1
Given,1
Huntingdon Valley,1
Fifty-Seventh Street,1
Cape Ann,1
Limache,1
St. John the Baptist,1
Millet,1
Lightning,1
Harper's Monthly Magazine,1
Mount McIntyre,1
Sir Galahad,1
Tennyson,1
Sound Beach,1
Castle Creek,1
Castle Creek Canyon,1
Barrel cactus,1
Ponte Vecchio,1
Saint Germaine-des-Pr√®s,1
Monadnock,1
Mount Monadnock,1
Laundryman,1
Morning glory,1
Warehouse,1
Peacham,1
Romeo and Juliet,1
Art exhibition,1
Liege,1
Aloe plant,1
Nikko,1
St. Louis Exposition,1
Brooklyn,1
Heliotrope valerian,1
Pedicularis raremosa,1
Fritillary,1
Globe,1
Lake Fusaro,1
Crater,1
Cumae,1
Lake Avernus,1
Geranium viscosissimum,1
Romanzoffia sitchensis,1
Mistmaiden,1
Agoseris gracilens,1
Slender agoseris,1
Eschscholtzia californica,1
California poppy,1
Valeriana sitchensis,1
Alberta paintbrush,1
Ladder gentian,1
Gentiana acuta,1
Liparis liliifolia,1
Lily twayblade,1
Sand phacelia,1
Phacelia linearis,1
Western cranesbill,1
Soochow,1
San Remo,1
Oaxaca,1
Ipswich River,1
Pear tree,1
Nantes,1
Lemon,1
Hatchet Cove,1
Shipyard,1
Hall of Science,1
German Building,1
Chartres,1
Rue Dominique Conte,1
St. Mary Magdalen,1
Merchants' Exchange,1
Banks and banking,1
Authority,1
St. Ouen,1
Bathroom,1
Pantheon,1
Cineraria,1
Venezuelan,1
"Parkhurst, Micajah, Mrs.",1
Makeup,1
Westminster Bridge,1
Parliament,1
Hanson,1
Bucket,1
Pulteney Bridge,1
River Avon,1
Dress up,1
Japanese tea ceremony,1
Storytelling,1
United Farm Workers,1
Vine,1
Red buckeye,1
Aesculus pavia,1
Pole,1
Viola palustris,1
Opuntia imbricata,1
Tybee,1
La Maison des Cariatides,1
Ciotat Harbor,1
Ciotat,1
Survival,1
Musselburgh Bridge,1
Esk River,1
Tokyo Harbor,1
Nelson's Column,1
Cottonwood tree,1
Cycling,1
Astor,1
Woolworth Building,1
Academy of Music,1
Great Russian Ball,1
Savannah Harbor,1
Tower Bridge,1
Pine,1
Lexington Avenue,1
Mount Vernon Street,1
Navaho country,1
Federal Hall,1
Tiber River,1
Caves,1
Stirrenberg Castle,1
Liebenstein Castle,1
Salzig,1
Hirzenach,1
Swordfish,1
Shylock,1
Merchant of Venice,1
Good Shepherd,1
Salsify,1
Tragopogon porrifolius,1
Arrowleaf groundsel,1
Senecia triangularis,1
Albies fraseri,1
Balsam fir,1
Carolina maple,1
Acer carolinianum,1
Elkslip,1
Caltha leptosepala,1
Schizocodon soldanelloides,1
Penstemon ambiguus,1
Matilija poppy,1
Romneya coulteri,1
Scutellaria serrata,1
Wood skullcap,1
Walkingstick cholla,1
Pinkshell azalea,1
Northern butterbur,1
Petasites hyperboreus,1
Ragwort,1
Senecio burkei,1
Elephanthead,1
Pedicularis groenlandica,1
Capri,1
Volcanic eruption,1
Pomo,1
Indian Affairs,1
Silas,1
Steeple,1
Brenton Light,1
Trompe l'oeil,1
Palace of Nero,1
Laon,1
Wars,1
Danger,1
Suicide,1
Mont Saint Michel,1
San Giorgio,1
Palatine Hill,1
Bassin d'Apollon,1
Syrinx,1
Rosa species,1
Sisyrinchium species,1
Wild rose,1
Diamond Ice and Coal Company,1
Loader,1
Mount Pico,1
West Palm Beach,1
Chandelier plant,1
Haines Point,1
St. Isidor,1
Tapis Vert,1
Haverhill,1
Versailles Palace,1
Arch of Titus,1
Cos Cob Harbor,1
Burns Brothers,1
Sutton Place,1
Rush Street Bridge,1
Gray pussytoes,1
Conopholis americana,1
Salix vestita,1
Sand verbena,1
Boston Stock Exchange,1
Fireworks,1
Carnival,1
Coney Island,1
High Street,1
Oxford,1
Beverage,1
Pont Royal,1
Pastelist,1
Stevenson,1
Vaea,1
Southport,1
Rancho de Taos,1
Giudecca Canal,1
Southwold,1
Tontine Building,1
Dusk,1
St. Ives,1
Rue de Village,1
Cranberry Island,1
Mosses,1
Pee Dee River,1
Pennsylvania Academy of Fine Arts,1
Animal tamer,1
St. Sepulchre,1
Sleigh,1
Mullion Cove,1
Campo Santa Margherita,1
Limehouse,1
Westport,1
Driftway,1
Criminal,1
Bush cinquefoil,1
Potentilla fruticosa,1
Cirsium arizonica,1
Zinnia grandiflora,1
Alpine vetch,1
San Angel,1
St. Severin,1
Cour du Dragon,1
Ascelpias,1
Phlox subulate,1
Moss pink,1
Spicebush,1
Calycanthus occidentalis,1
Saussurea,1
Saussurea densa,1
Storage tank,1
Abronia umbellata,1
Quamasia quamash,1
Camas,1
Erigeron macranthus,1
Wallflower,1
Erysimum wheeleri,1
Spotted cyrtopodium,1
Cyrtopodium punctatum,1
Cabbage,1
Columbia Teacher's College,1
Nancy,1
Paul,1
Niagara Falls,1
Lake Lugano,1
Jackson's Fall,1
Herkimer,1
Wrangell,1
Concord,1
Squirrel,1
Vicki,1
Warbler,1
Temple of the Sibyl,1
Tivoli,1
Potato,1
Vegetable seller,1
Byrne,1
Wind Bloweth,1
Trade,1
York,1
Nubble Lighthouse,1
North Church,1
Totem,1
Benediction,1
Tremont House,1
Catherine Market,1
Georgetown,1
San Mateo,1
Fountain of the Great Lakes,1
Housekeeping,1
Broom,1
Rabbitbean,1
Anemone parviflora,1
Northern anemone,1
Elderberry,1
Marshmarigold,1
Caltha palustris,1
Crepis elegans,1
Bertha,1
Porte St. Denis,1
Minnesota State Capitol,1
Treaty of Ghent,1
Odeon,1
San Luis Obispo,1
James Creek,1
Sorbonne,1
Cracca virginiana,1
The Cricket on the Hearth,1
Wissahickon Creek,1
Fairmount Park,1
Silver Cascade,1
Macbeth,1
Insanity,1
Lady Macbeth,1
Black Lake,1
Mount Oliveto,1
Cathedral of Torcello,1
Via Appia,1
Repairman,1
Via Tuscolana,1
Hotel San Dominico,1
Taormina,1
Apron,1
Melon,1
Defeat,1
Adventures of Tom Sawyer,1
Chester,1
Weehawken,1
Spanish American War,1
Jefferson Park,1
Balloon,1
Rubus pedatus,1
Antennaria howellii,1
Rue de Pyramides,1
Wildcat,1
Rue San Jacques,1
Institut de France,1
Wine and wine making,1
Orange,1
Slender shootingstar,1
Bearberry honeysuckle,1
Lonicera involucrata,1
Tofieldia intermedia,1
Bog-asphodel,1
Juniperus sibirica,1
Mountain juniper,1
Red dewberry,1
Burgess milkvetch,1
Agoseris aurantiaca,1
Sambucas pubens,1
Scarlet elder,1
Sarracenia jonesii,1
Red pitcherplant,1
Downy pinxterbloom,1
Dodecatheon pauciflorum,1
Track & field,1
Skating,1
Chateau de Chaalis,1
"Watteau, Jean-Antoine",1
Apostles,1
Cuyamaca Mountains,1
Larix occidentalis,1
Phlox stansburyi,1
Orchestra,1
"Versailles, Treaty of",1
Palace of Justice,1
"Lincoln, Abraham",1
Torch,1
Patio,1
Inaugurations,1
Bassin de Neptune,1
St. Michael,1
Supreme Court justice,1
Chautauqua,1
Brenta River,1
"Monmouth, Battle of, Freehold, N.J., 1778",1
Uncle Sam (Symbolic character),1
Farmer Brown,1
Old Black Joe,1
Father and child,1
Pulpit Rock,1
Rochester,1
Review of troops,1
Taunton Lakes,1
Proserpine,1
Blue jay,1
Pont de la Concorde,1
Goldenpea,1
Thermopsis rhombifolia,1
Harebell,1
Campanula rotundifolia,1
Goldenclub,1
Orontium aquaticum,1
Penstemon barbatus,1
Bogbean,1
Astragalus alpinus,1
Prairie-smoke,1
Sieversia ciliata,1
Rayless groundsel,1
Senecio pauciflorus,1
Chiogenes hispidula,1
Goldenstar,1
Orthocarpus erianthus,1
Viola rafinesquii,1
Field violet,1
Self-heal,1
Prunella vulgaris,1
Bluets,1
Houstonia serpyllifolia,1
Chateau de Chevenevase,1
Alpine milkvetch,1
Hedysarum mackenzii,1
Sweetvetch,1
Magnolia scuminata,1
Pansy violet,1
Tripterocalyx pedunculatus,1
Eremalche rotundifolia,1
Wax trillium,1
Trillium album,1
Columbia (Symbolic character),1
Pickerelweed,1
Pontederia cordata,1
Chrysogonum virginianum,1
Ice cutting,1
Glass,1
Evergreen tree,1
Little Knob,1
Rubus argutus,1
Highbush blackberry,1
Brook lobelia,1
Sweet pitcherplant,1
Lyall larch,1
Larix lyallii,1
Wild pineapple,1
Salix,1
Viola striata,1
Western larch,1
Philosopher,1
Geologist,1
Straw hat,1
Contortionist,1
White troutlily,1
Erythronium albidum,1
Showy milkweed,1
Asclepias speciosa,1
Ilex vomitoria,1
Yaupon,1
Limber pine,1
Pinus flexilis,1
Swamp azalea,1
Cream violet,1
Leycock Abbey,1
Castalia odorata,1
American waterlily,1
Waxenstein Mountains,1
Appliance,1
Crow,1
Seahorse,1
Mermaid,1
"Stuart, Gilbert",1
Post office,1
May cherry,1
Jack in the pulpit,1
Poverty,1
Poplar tree,1
Calla lily,1
Candlemaker,1
Funereal,1
Nutritionist,1
Medical Scientist,1
Wrist watch,1
Barberries,1
Milwaukee,1
Tambourine,1
Mountain ash tree,1
Darlingtonia,1
Magnolia tree,1
Woolgrass,1
Blue Point,1
Trolley,1
Monocle,1
Paleontologist,1
Engineers,1
Cleveland,1
Gardens of Villa Palmieri,1
Fates,1
St. George,1
Philosophy,1
Salvation,1
Nirwana,1
Poetry,1
Ferry,1
Newspapers,1
Businessman,1
Eternity,1
American columbine,1
Aquilegia canadensis,1
American vetch,1
Round Hill Road,1
Landscape architect,1
Optical Devices,1
Binoculars,1
Labor leader,1
Model ship,1
Cripple Creek,1
Tobias,1
San Giorgio Maggiore,1
Dominy,1
Minute Man,1
Saint Ouen,1
Green dragon,1
Castor bean,1
Bayonet rush,1
Medical writer,1
Still life artist,1
Heaven,1
Sherman,1
Communication arts,1
Advertising,1
Satyr,1
Pan (Greek deity),1
"Vermeer, Johannes",1
Pet care,1
Bottle,1
Gladiolus,1
Ivy,1
Branchville,1
Grand Canyon of the Yellowstone,1
"Khayyam, Omar",1
Rubaiyat,1
Yellowstone Canyon,1
Stickpin,1
Railroad executive,1
Vice-Presidential Candidate,1
Astronomers,1
Physicist,1
Aeronautics,1
Principal,1
Joint Chiefs of Staff,1
Navesink River,1
Navesink,1
Art nouveau dress,1
Marine engineer,1
Shipbuilder,1
Ruler,1
Compass,1
Try square,1
Le Puy Cathedral,1
Hostess,1
Taku,1
Fire Dance,1
Lathe,1
Cigarette,1
Smoking Implements,1
Legion of Honor,1
Priscilla,1
Black Mesa,1
Earth,1
Fireman,1
Barberini Palace,1
Blind,1
People with disabilities,1
Enslaved,1
Impresario,1
Theater executive,1
Theater director,1
Canvas,1
Woodworker,1
Reliques of Ancient English Poetry,1
Percy,1
Lobster,1
Northampton,1
Pagoda,1
Royalty,1
Sumac,1
Presidential Advisor,1
Bands (music),1
Violinist,1
Theater producer,1
Mercedes,1
Rabbit seller,1
Mussel,1
St. Anthony,1
Nicodemus,1
Persephone,1
Demeter (Greek deity),1
Bubble blowing,1
Wheel,1
Odd Fellows,1
Helen,1
Aurora,1
Writing,1
"Sully, Thomas",1
Critic,1
Tempest,1
Printer,1
Tea service,1
Photojournalist,1
Teapot,1
Pots,1
Notre Dame de Paris,1
June,1
St. Nicolas du Chardonnet,1
Bracelet,1
Stage,1
Visor,1
Seascape,1
Ocean,1
Sketchbook,1
Tennis,1
Sports writer,1
Sunglasses,1
Banking and Finance,1
Rear Admiral,1
Vice Admiral,1
Merchants,1
"Mexican War, 1846-1848",1
Boat builder,1
Pegasus,1
Lighting Devices,1
Brother of US President,1
Reins,1
Riding,1
Textiles,1
Saddle,1
Equipment,1
Sports Equipment,1
First ladies,1
First Lady of US,1
Mother of US President,1
Presidents' spouses,1
Banking executive,1
Art museum administrator,1
Art museum trustee,1
Bouquet,1
Socialite,1
Tie pin,1
Wedding Band,1
Army physician,1
Army surgeon,1
Osteopath,1
Costume designer,1
Illustration,1
Veronica serpyllifolia,1
Solidago oreophila,1
Mountain goldenrod,1
Phlox caespitosa,1
Zingare,1
Prairie penstemon,1
Penstemon erianthera,1
Star solomonplume,1
Manufacturer,1
Banner,1
Crowd,1
Military Camp,1
Temperance reformer,1
Pacifist,1
Campaign director,1
Scarlet mariposa,1
Goatee,1
Chandelier,1
Secretary of the Navy,1
Person with a disability,1
Blind person,1
Deaf person,1
Airfield,1
Industrialist,1
Diana (Roman deity),1
Cox,1
Secretary of Interior,1
Writing table,1
Think tank administrator,1
Cabinets,1
Visual arts administrator,1
Rug,1
